Id,karma,created_utc
santiviquez,232,1587593408.0
starktonny11,63,1639768947.0
Gold-Artichoke-9288,155,1643156186.0
venkarafa,555,1532517510.0
nobody_undefined,70,1686852510.0
Waste_Necessary654,768,1648610100.0
ArticleLegal5612,948,1617247411.0
gomezalp,42,1721268251.0
jmhimara,74041,1328589208.0
portobellomonsoon,2162,1703859637.0
brilliantminion,26892,1467832052.0
oathkeeperkh,16646,1436148309.0
Educational_Can_4652,9276,1636903535.0
QianLu,5954,1468300567.0
calbearreynad,856,1448593468.0
swexbe,4733,1349866890.0
slashdave,23971,1636936228.0
K9ZAZ,19271,1538650799.0
El_Minadero,26583,1397503096.0
snicky666,1160,1389666628.0
Noonecanfindmenow,17442,1354426167.0
numericalclerk,3647,1697882260.0
decrementsf,60644,1421093487.0
MrWolf711,1855,1554827403.0
CadeOCarimbo,91489,1465951051.0
jppope,7632,1410070574.0
faulerauslaender,9559,1587189588.0
SpeedaRJ,2129,1599961766.0
pipicks,-1,1714751153.0
Possible-Alfalfa-893,759,1622602286.0
Sorry-Owl4127,10405,1601992407.0
SnooStories6404,22972,1597817561.0
ReflectionNo3897,69,1680378732.0
odumann,9055,1398356666.0
AlgoRhythmCO,19181,1708451003.0
dataGuyThe8th,10798,1550936312.0
DubGrips,5125,1639938300.0
lakeland_nz,28588,1451442602.0
Jorrissss,25240,1457406111.0
SurveyNo2684,7957,1710971200.0
Silent-Sunset,80,1724630825.0
yolohedonist,7726,1387076762.0
vatom14,15451,1521874066.0
spigotface,88171,1364006571.0
Alternative-Fox-4202,821,1637323479.0
aintwhatyoudo,1007,1640266555.0
diebythekeyboard,2,1726062422.0
Dry-Shoulder-8574,0,1601997831.0
bovine-orgasm,312,1724285869.0
Matematikis,186,1449438364.0
gpbuilder,25145,1533932526.0
RB_7,43766,1382282305.0
frocketgaming,7595,1492527752.0
Cosack,24501,1386094643.0
diag,19284,1317259380.0
Measurex2,110361,1426210970.0
big_data_mike,19240,1686095704.0
tennisanybody,45812,1397948802.0
No_Philosopher_5885,293,1723483695.0
yorevodkas0a,271,1640990542.0
Graphs_Net,71,1725292554.0
Meerkoffiemeerbeter,1948,1437834641.0
MrPandamania,49594,1330404125.0
Ok_Composer_1761,1815,1709469378.0
angery_bork,13290,1481776621.0
Consistent_Equal5327,231,1707597374.0
hallowed_by,491,1701182321.0
nobody_undefined,70,1686852510.0
ArticleLegal5612,948,1617247411.0
hiimresting,3918,1614882141.0
fil_geo,1,1497613313.0
pm_me_your_smth,81334,1471199925.0
ZestyData,127909,1561462190.0
znihilist,62118,1434789840.0
venustrapsflies,275511,1316107608.0
sandith752,18310,1405868930.0
Swimming_Cry_6841,2974,1597191804.0
Accomplished-Wave356,20394,1604500689.0
3c2456o78_w,10914,1696785505.0
ron_ninja,1239,1716853815.0
change_of_basis,1088,1633276942.0
Romaaaaaaaaaaaaaa,425,1638041310.0
Foodwithfloyd,127692,1593469220.0
OpenAITutor,14,1687753561.0
A_B_1_2,231,1640952185.0
Gold-Artichoke-9288,155,1643156186.0
imking27,2758,1449107632.0
thefringthing,85142,1241468997.0
MrSaints16,181,1545561166.0
srijared,477,1700572854.0
JosephMamalia,650,1676428006.0
roheated,1841,1525629726.0
mr_chanandler_bong_1,23949,1561797823.0
LyleLanleysMonorail,53351,1675956212.0
Bigchillen_03,869,1704059654.0
DeirdreHunter69,244,1649301456.0
sn0wdizzle,9816,1342230889.0
ghostofkilgore,133031,1578089254.0
morganf74,4394,1459026231.0
orz-_-orz,30162,1656152755.0
RomanRiesen,41027,1474820280.0
Science_competitor,-3,1714388547.0
Thanh1211,33403,1451286976.0
nicknackers10,6512,1548305410.0
Duder1983,3842,1630217277.0
LaughTrackLife,13377,1695348906.0
skeerp,7509,1416368669.0
Jazzlike_Syllabub_91,6157,1606665669.0
marijin0,30,1604341687.0
indie-devops,342,1697935085.0
fordat1,25024,1690992642.0
hunter_27,5138,1581762915.0
manueldoedmotta,5,1726016356.0
plhardman,3439,1412615330.0
f4k3pl4stic,1097,1212611868.0
R-types,139,1705989458.0
No-Hat446,13,1635110109.0
jgrowallday,3208,1477903597.0
OxheadGreg123,3063,1588784576.0
Flineki,9832,1516271667.0
venkarafa,555,1532517510.0
a_ibanez,1453,1519794206.0
aimendezl,5190,1637144140.0
Mascotman,1285,1302918102.0
alsdhjf1,578,1407221402.0
laughingwalls,23964,1675725836.0
justmadethis0,151,1680724327.0
luquoo,7267,1327381292.0
Trungyaphets,13217,1481061255.0
TheGooberOne,1523,1647414079.0
in_meme_we_trust,2063,1644431975.0
Kaiso25Gaming,90105,1444688796.0
Kris_714,714,1594126133.0
__compactsupport__,35392,1494866743.0
old_bearded_beats,8576,1615073771.0
JimmyTheCrossEyedDog,38204,1339208968.0
rstatsds,1,1726105185.0
curiousmlmind,498,1623195409.0
Aggravating-Gas4980,0,1721280549.0
Particular_Tap_4002,-2,1689093439.0
jetvermillion,2951,1343205410.0
Legitimate_Law1368,8,1713814170.0
Mimogger,98615,1261189332.0
Vinayplusj,1937,1589926439.0
sailing_oceans,1500,1640680929.0
snowmaninheat,39198,1444231102.0
GreatDay40,1,1725811715.0
Electronic-Mine-,8,1715148866.0
the_brown_saber,1624,1612682173.0
justin_xv,6590,1580127307.0
sweetmorty,22072,1633799355.0
juliano1096,62,1606323893.0
productanalyst9,17,1579031959.0
fragileMystic,21004,1260042886.0
Pristine-Item680,3070,1686812174.0
MattDamonsTaco,24560,1468974616.0
TripleBogeyBandit,967,1719194669.0
AIHawk_Founder,28,1723714472.0
edjuaro,32236,1378748734.0
AbdurRashidSalafi,0,1726068515.0
starktonny11,63,1639768947.0
clarinetist001,5049,1406011672.0
Bjanec,84,1611472662.0
stelaukin,2486,1497669528.0
cy_kelly,213509,1442708176.0
danielfm123,8134,1504266769.0
dlchira,135912,1516465613.0
gomezalp,42,1721268251.0
Sargasm666,6623,1706637082.0
gBoostedMachinations,28006,1623598410.0
Atmosck,120745,1310865210.0
thicket,23724,1297286208.0
oldmangandalfstyle,6827,1365287684.0
minastepes,11763,1439203401.0
Vegetable-Balance-53,7351,1600219690.0
Revolutionary-Day42,13,1600835463.0
Dull_Road_9619,17,1629064756.0
ImGallo,403,1551748708.0
Will_Tomos_Edwards,443,1652231976.0
Smarterchild1337,2129,1546279836.0
jonnyboyrebel,8493,1602532345.0
OmnipresentCPU,40433,1555334875.0
NotMyRealName778,38009,1591868722.0
fishnet222,453,1714879236.0
Novel_Frosting_1977,19738,1600451390.0
SaraSavvy24,13,1718812846.0
